Aminoacid,Ca interaction energy,Mg interaction energy,Ba interaction energy
A,-18544.00419980954,-5440.008381339039,-225137.2518978838
R,-18545.71348088829,-5442.382716582491,-225138.57691053202
N,-18545.24593507362,-5441.559291646234,-225138.1454269493
D,-18552.439422452637,-5449.157982339919,-225145.10178078356
C,-18544.412396197513,-5440.689088335941,-225137.4111300139
Q,-18545.571978007327,-5442.15059959799,-225138.41046258132
E,-18552.40773361318,-5446.024301538022,-225145.09052500155
G,-18543.524530952607,-5439.3944831819845,-225136.78947315025
H,-18544.820821149144,-5440.731787917684,-225138.06797133136
I,-18544.54009650606,-5441.150705517535,-225137.55970571804
L,-18544.416362843025,-5441.044819912342,-225137.45860931513
K,-18544.677974081027,-5441.11880419917,-225137.76278334553
M,-18544.76023774279,-5441.086100510416,-225137.59099289458
F,-18544.994381217653,-5441.389603010895,-225137.86308556926
P,-18544.11733648865,-5440.577088921513,-225137.38065676828
S,-18544.45810679256,-5440.811674905834,-225137.47411577185
T,-18544.61594906325,-5440.970078704784,-225137.56849536469
W,-18545.445985466587,-5441.968463842299,-225138.34050438355
Y,-18545.014585356086,-5441.548007348894,-225137.96251161507
V,-18544.376572591253,-5440.791799933129,-225137.40032936717
